[
    {
        "id": 1,
        "firstName": "John",
        "lastName": "Smith",
        "phoneNumber": "612-896-8756"
    },
    {
        "id": 2,
        "firstName": "Jackie",
        "lastName": "Smith",
        "phoneNumber": "612-894-5448"
    },
    {
        "id": 4,
        "firstName": "Aaron",
        "lastName": "Heckel",
        "phoneNumber": "985-343-5689"
    },
    {
        "id": 5,
        "firstName": "Zulu",
        "lastName": "Tangers",
        "phoneNumber": "952-789-6320"
    }
]