{
  "hash": "c74ec530",
  "configHash": "41982869",
  "lockfileHash": "b81f5fdf",
  "browserHash": "dc5e244e",
  "optimized": {
    "@angular/common": {
      "src": "../../../../../node_modules/@angular/common/fesm2022/common.mjs",
      "file": "@angular_common.js",
      "fileHash": "d885c3b4",
      "needsInterop": false
    },
    "@angular/common/http": {
      "src": "../../../../../node_modules/@angular/common/fesm2022/http.mjs",
      "file": "@angular_common_http.js",
      "fileHash": "5bb8920d",
      "needsInterop": false
    },
    "@angular/core": {
      "src": "../../../../../node_modules/@angular/core/fesm2022/core.mjs",
      "file": "@angular_core.js",
      "fileHash": "46575d37",
      "needsInterop": false
    },
    "@angular/forms": {
      "src": "../../../../../node_modules/@angular/forms/fesm2022/forms.mjs",
      "file": "@angular_forms.js",
      "fileHash": "4beaf691",
      "needsInterop": false
    },
    "@angular/platform-browser": {
      "src": "../../../../../node_modules/@angular/platform-browser/fesm2022/platform-browser.mjs",
      "file": "@angular_platform-browser.js",
      "fileHash": "3805b366",
      "needsInterop": false
    },
    "@angular/router": {
      "src": "../../../../../node_modules/@angular/router/fesm2022/router.mjs",
      "file": "@angular_router.js",
      "fileHash": "771ab329",
      "needsInterop": false
    }
  },
  "chunks": {
    "chunk-QCSZ6SIK": {
      "file": "chunk-QCSZ6SIK.js"
    },
    "chunk-BHA3TXVS": {
      "file": "chunk-BHA3TXVS.js"
    },
    "chunk-I57INRUT": {
      "file": "chunk-I57INRUT.js"
    },
    "chunk-3XWGUD7K": {
      "file": "chunk-3XWGUD7K.js"
    }
  }
}